tailo_syllable,jyutping,count,flag
|,|1,149,UNKNOWN_RHYME
á,aa2,130,
bô,bo4,49,
thâu,taau4,43,
ê,e4,34,
lâng,lang4,32,
tsuí,zeoi2,27,
khu,ku1,26,
Kok,gok1,26,
sió,soe2,26,
tuā,daa1,25,
lí,li2,24,
kha,kaa1,23,
hn̂g,hng4,23,
tsi̍t,zi̍t1,21,UNKNOWN_RHYME
kah,gaat1,21,
lâi,laai4,21,
ū,u1,21,
khì,ki3,20,
Kong,gong1,19,
ke,ge1,19,
kok,gok1,19,
suann,suann1,19,UNKNOWN_RHYME
lōo,loo1,19,UNKNOWN_RHYME
sī,si1,17,
tshuì,ceoi3,17,
hong,hong1,17,
tiong,dung1,17,
ē,e1,16,
uân,un4,16,
hiong,hung1,16,
kong,gong1,16,
sim,sim1,15,
Tâi,daai4,15,
khuànn,kuann3,15,UNKNOWN_RHYME
bē,be1,15,
phah,paat1,15,
tē,de1,15,
kue,go1,14,
tsia̍h,zia̍h1,14,UNKNOWN_RHYME
hōo,hoo1,14,UNKNOWN_RHYME
m̄,m1,14,UNKNOWN_RHYME
sann,sann1,13,UNKNOWN_RHYME
iû,iu4,13,
jī,ji1,13,
kàu,gaau3,13,
Sin,sin1,13,
tsò,zo3,13,
Tuā,daa1,13,
ki,gi1,13,
ko,go1,13,
hūn,hun1,13,
tio̍h,dio̍h1,12,UNKNOWN_RHYME
kháu,kaau2,12,
bé,be2,12,
khí,ki2,12,
sing,sing1,12,
ha̍k,ha̍k1,12,UNKNOWN_RHYME
tsa̍p,za̍p1,11,UNKNOWN_RHYME
I,i1,11,
hue,ho1,11,
thôo,too4,11,UNKNOWN_RHYME
kóng,gong2,11,
nn̄g,nng1,11,
sî,si4,11,
bûn,bun4,11,
ting,ding1,10,
hué,ho2,10,
bí,bi2,10,
pak,bak1,10,
san,san1,10,
liông,lung4,10,
bué,bo2,10,
hó,ho2,10,
li̍p,li̍p1,10,UNKNOWN_RHYME
lo̍h,lo̍h1,10,UNKNOWN_RHYME
kak,gak1,10,
kiô,goe4,10,
oo,oo1,10,UNKNOWN_RHYME
suànn,suann3,10,UNKNOWN_RHYME
khang,kang1,10,
hô,ho4,10,
sin,sin1,10,
pōo,boo1,10,UNKNOWN_RHYME
kóo,goo2,9,UNKNOWN_RHYME
beh,bet1,9,
hî,hi4,9,
sian,sin1,9,
nâ,naa4,9,
kiat,git1,9,
ah,aat1,9,
su,su1,9,
sio,soe1,9,
ba̍k,ba̍k1,9,UNKNOWN_RHYME
khah,kaat1,9,
tsí,zi2,9,
tsin,zin1,9,
tshia,ce1,9,
huat,hut1,9,
tiān,din1,9,
Lâm,lam4,9,
Tiong,dung1,9,
tsháu,caau2,9,
Ko,go1,9,
kuán,gun2,8,
khinn,kinn1,8,UNKNOWN_RHYME
ku,gu1,8,
ài,aai3,8,
hun,hun1,8,
sái,saai2,8,
sè,se3,8,
leh,let1,8,
lī,li1,8,
tāi,daai1,8,
guá,gaa2,8,
peh,bet1,8,
tik,dik1,8,
tshài,caai3,8,
jîn,jin4,8,
liân,lin4,8,
poo,boo1,8,UNKNOWN_RHYME
khe,ke1,8,
tōo,doo1,8,UNKNOWN_RHYME
bah,baat1,8,
tsînn,zinn4,8,UNKNOWN_RHYME
sam,sam1,7,
hok,hok1,7,
pān,ban1,7,
tit,dit1,7,
hō,ho1,7,
kiû,giu4,7,
king,ging1,7,
kang,gang1,7,
tsì,zi3,7,
tō,do1,7,
la̍t,la̍t1,7,UNKNOWN_RHYME
tshiū,ciu1,7,
tshiú,ciu2,7,
hing,hing1,7,
tsiah,ziah1,7,UNKNOWN_RHYME
thâm,tam4,7,
guân,gun4,7,
huē,ho1,7,
it,it1,7,
tông,dong4,7,
kut,gut1,7,
kâu,gaau4,7,
buē,bo1,7,
put,but1,7,
lóng,long2,7,
ná,naa2,7,
tsú,zu2,7,
tn̂g,dng4,7,
lîng,ling4,7,
tsiu,ziu1,7,
tshut,cut1,7,
siūnn,siunn1,6,UNKNOWN_RHYME
siōng,sung1,6,
gín,gin2,6,
tshenn,cenn1,6,UNKNOWN_RHYME
àm,am3,6,
lō͘,lo͘1,6,UNKNOWN_RHYME
kun,gun1,6,
káng,gang2,6,
kuann,guann1,6,UNKNOWN_RHYME
pún,bun2,6,
tò,do3,6,
koo,goo1,6,UNKNOWN_RHYME
sng,sng1,6,
hûn,hun4,6,
i,i1,6,
Āu,aau1,6,
niá,ne2,6,
āu,aau1,6,
lo̍k,lo̍k1,6,UNKNOWN_RHYME
tshàu,caau3,6,
keh,get1,6,
a,aa1,6,
tshù,cu3,6,
bîn,bin4,6,
sū,su1,6,
mi̍h,mi̍h1,6,UNKNOWN_RHYME
tsûn,zun4,6,
pàng,bang3,6,
sik,sik1,6,
Sam,sam1,6,
kì,gi3,6,
káu,gaau2,6,
tsìng,zing3,6,
kui,geoi1,6,
pang,bang1,6,
Tāi,daai1,6,
tsing,zing1,6,
lāu,laau1,6,
lâm,lam4,6,
phòng,pong3,6,
tāu,daau1,6,
thinn,tinn1,6,UNKNOWN_RHYME
lô,lo4,6,
tī,di1,6,
tsai,zaai1,6,
tú,du2,6,
tshe,ce1,6,
kuè,go3,6,
bān,ban1,6,
sai,saai1,6,
thih,tit1,6,
phang,pang1,6,
nî,ni4,6,
tshì,ci3,6,
tsìnn,zinn3,6,UNKNOWN_RHYME
sîng,sing4,6,
Lāi,laai1,6,
thâng,tang4,5,
kî,gi4,5,
ì,i3,5,
tâng,dang4,5,
huè,ho3,5,
tíng,ding2,5,
liû,liu4,5,
ôo,oo4,5,UNKNOWN_RHYME
gû,gu4,5,
tsa,zaa1,5,
kiánn,giann2,5,UNKNOWN_RHYME
tsuá,zaa2,5,
báng,bang2,5,
kè,ge3,5,
sòo,soo3,5,UNKNOWN_RHYME
pi,bi1,5,
bîng,bing4,5,
ké,ge2,5,
kiānn,giann1,5,UNKNOWN_RHYME
khoo,koo1,5,UNKNOWN_RHYME
senn,senn1,5,UNKNOWN_RHYME
Jī,ji1,5,
lāi,laai1,5,
Lí,li2,5,
tshú,cu2,5,
tsiūnn,ziunn1,5,UNKNOWN_RHYME
ta,daa1,5,
sìng,sing3,5,
bú,bu2,5,
piah,biah1,5,UNKNOWN_RHYME
hái,haai2,5,
kim,gim1,5,
hún,hun2,5,
tì,di3,5,
tsio̍h,zio̍h1,5,UNKNOWN_RHYME
té,de2,5,
bû,bu4,5,
seh,set1,5,
lân,lan4,5,
jia̍t,jia̍t1,5,UNKNOWN_RHYME
Kíng,ging2,5,
tshân,can4,5,
gōo,goo1,5,UNKNOWN_RHYME
ji̍t,ji̍t1,5,UNKNOWN_RHYME
Tang,dang1,5,
tsiáu,ziu2,5,
tinn,dinn1,5,UNKNOWN_RHYME
kip,gip1,5,
thian,tin1,5,
khenn,kenn1,5,UNKNOWN_RHYME
tsē,ze1,5,
tshit,cit1,5,
kài,gaai3,5,
khuân,kun4,5,
tshian,cin1,5,
an,an1,5,
Sann,sann1,5,UNKNOWN_RHYME
lūn,lun1,5,
siu,siu1,5,
ta̍h,da̍h1,5,UNKNOWN_RHYME
tsîng,zing4,5,
Bān,ban1,5,
lóo,loo2,5,UNKNOWN_RHYME
kín,gin2,5,
kuan,gun1,4,
ngóo,ngoo2,4,UNKNOWN_RHYME
mn̂g,mng4,4,
tshuah,cuah1,4,UNKNOWN_RHYME
Tsa̍p,za̍p1,4,UNKNOWN_RHYME
phīnn,pinn1,4,UNKNOWN_RHYME
kau,gaau1,4,
mā,maa1,4,
sú,su2,4,
si̍k,si̍k1,4,UNKNOWN_RHYME
âng,ang4,4,
ló,lo2,4,
tshī,ci1,4,
hóo,hoo2,4,UNKNOWN_RHYME
uē,o1,4,
tńg,dng2,4,
tsāi,zaai1,4,
si̍t,si̍t1,4,UNKNOWN_RHYME
tsi̍h,zi̍h1,4,UNKNOWN_RHYME
Sai,saai1,4,
pênn,benn4,4,UNKNOWN_RHYME
phìnn,pinn3,4,UNKNOWN_RHYME
pe̍h,be̍h1,4,UNKNOWN_RHYME
sut,sut1,4,
pháinn,painn2,4,UNKNOWN_RHYME
bīn,bin1,4,
huan,hun1,4,
pò,bo3,4,
soaⁿ,soa1,4,UNKNOWN_RHYME
tsū,zu1,4,
siū,siu1,4,
uánn,uann2,4,UNKNOWN_RHYME
pn̄g,bng1,4,
tàn,dan3,4,
se,se1,4,
pē,be1,4,
tsiânn,ziann4,4,UNKNOWN_RHYME
kam,gam1,4,
Ài,aai3,4,
liâu,liu4,4,
pá,baa2,4,
lâu,laau4,4,
tóng,dong2,4,
siánn,siann2,4,UNKNOWN_RHYME
miā,me1,4,
náu,naau2,4,
kiànn,giann3,4,UNKNOWN_RHYME
u,u1,4,
bâ,baa4,4,
suí,seoi2,4,
puànn,buann3,4,UNKNOWN_RHYME
pó,bo2,4,
luān,lun1,4,
khong,kong1,4,
Pat,bat1,4,
ìng,ing3,4,
tòng,dong3,4,
bu̍t,bu̍t1,4,UNKNOWN_RHYME
thiap,tip1,4,
sap,sap1,4,
Iông,ung4,4,
būn,bun1,4,
kám,gam2,4,
kûn,gun4,4,
tsíng,zing2,4,
gue̍h,gue̍h1,4,UNKNOWN_RHYME
ka,gaa1,4,
iōng,ung1,4,
tâi,daai4,4,
Thian,tin1,4,
kînn,ginn4,4,UNKNOWN_RHYME
kāu,gaau1,4,
táu,daau2,4,
tōng,dong1,4,
hiông,hung4,4,
tshinn,cinn1,4,UNKNOWN_RHYME
to̍k,do̍k1,4,UNKNOWN_RHYME
tsu,zu1,4,
tiàm,dim3,4,
hā,haa1,4,
hú,hu2,4,
tsáu,zaau2,4,
hāi,haai1,4,
tiông,dung4,4,
sí,si2,4,
tih,dit1,4,
sù,su3,4,
sóo,soo2,4,UNKNOWN_RHYME
má,maa2,4,
hē,he1,4,
tsām,zam1,4,
lê,le4,4,
Liông,lung4,4,
si̍p,si̍p1,4,UNKNOWN_RHYME
hang,hang1,4,
iánn,iann2,4,UNKNOWN_RHYME
tsi,zi1,4,
hân,han4,4,
koe,goe1,4,
tsha,caa1,4,
si,si1,4,
lē,le1,4,
tang,dang1,4,
khùn,kun3,4,
siann,siann1,4,UNKNOWN_RHYME
tsik,zik1,4,
bat,bat1,4,
tsiap,zip1,4,
tiánn,diann2,4,UNKNOWN_RHYME
siā,se1,4,
jiō,joe1,4,
li,li1,4,
siáu,siu2,4,
tshìn,cin3,4,
luê,lo4,4,
kué,go2,4,
koán,goan2,3,UNKNOWN_RHYME
khòng,kong3,3,
tshun,cun1,3,
pua̍h,bua̍h1,3,UNKNOWN_RHYME
A,aa1,3,
tsong,zong1,3,
uī,eoi1,3,
tso̍k,zo̍k1,3,UNKNOWN_RHYME
sîn,sin4,3,
thài,taai3,3,
Kim,gim1,3,
huâ,haa4,3,
miâ,me4,3,
piáu,biu2,3,
bóo,boo2,3,UNKNOWN_RHYME
pa̍t,ba̍t1,3,UNKNOWN_RHYME
gōng,gong1,3,
kheh,ket1,3,
í,i2,3,
khiàm,kim3,3,
pēnn,benn1,3,UNKNOWN_RHYME
siàu,siu3,3,
Pe̍h,be̍h1,3,UNKNOWN_RHYME
huà,haa3,3,
thuànn,tuann3,3,UNKNOWN_RHYME
Ka,gaa1,3,
Hōng,hong1,3,
tshí,ci2,3,
hiān,hin1,3,
Jîn,jin4,3,
tiānn,diann1,3,UNKNOWN_RHYME
pun,bun1,3,
bái,baai2,3,
bāng,bang1,3,
Tshī,ci1,3,
bó,bo2,3,
pau,baau1,3,
láng,lang2,3,
tiunn,diunn1,3,UNKNOWN_RHYME
tiuⁿ,diun1,3,
Û,u4,3,
khòo,koo3,3,UNKNOWN_RHYME
kíng,ging2,3,
sé,se2,3,
tshu,cu1,3,
ki̍k,gi̍k1,3,UNKNOWN_RHYME
tàng,dang3,3,
to,do1,3,
hîng,hing4,3,
bō,bo1,3,
môo,moo4,3,UNKNOWN_RHYME
khut,kut1,3,
Thóng,tong2,3,
kng,gng1,3,
khó,ko2,3,
Sîn,sin4,3,
lak,lak1,3,
hì,hi3,3,
láu,laau2,3,
ba̍t,ba̍t1,3,UNKNOWN_RHYME
koh,got1,3,
tsiàu,ziu3,3,
mài,maai3,3,
tiām,dim1,3,
ká,gaa2,3,
tiám,dim2,3,
kio̍k,gio̍k1,3,UNKNOWN_RHYME
pue,bo1,3,
lia̍p,lia̍p1,3,UNKNOWN_RHYME
ti,di1,3,
lú,lu2,3,
hio̍h,hio̍h1,3,UNKNOWN_RHYME
khuán,kun2,3,
Îng,ing4,3,
tseh,zet1,3,
khiā,ke1,3,
khak,kak1,3,
li̍k,li̍k1,3,UNKNOWN_RHYME
tso,zo1,3,
im,im1,3,
kánn,gann2,3,UNKNOWN_RHYME
Lô,lo4,3,
tong,dong1,3,
tǹg,dng3,3,
Kéng,gang2,3,
kin,gin1,3,
thóo,too2,3,UNKNOWN_RHYME
Cha̍p,cha̍p1,3,UNKNOWN_RHYME
khám,kam2,3,
tshue,co1,3,
giâ,ge4,3,
chhī,chhi1,3,
pho,po1,3,
Siang,soeng1,3,
kuài,gaai3,3,
tè,de3,3,
sak,sak1,3,
luî,leoi4,3,
tiûnn,diunn4,3,UNKNOWN_RHYME
sih,sit1,3,
nī,ni1,3,
sìn,sin3,3,
tó,do2,3,
kiâm,gim4,3,
Hing,hing1,3,
phòo,poo3,3,UNKNOWN_RHYME
tiânn,diann4,3,UNKNOWN_RHYME
thîng,ting4,3,
sì,si3,3,
iûnn,iunn4,3,UNKNOWN_RHYME
sok,sok1,3,
thè,te3,3,
tshin,cin1,3,
pah,baat1,3,
giân,gin4,3,
suah,suah1,3,UNKNOWN_RHYME
tà,daa3,3,
ji̍p,ji̍p1,3,UNKNOWN_RHYME
Chúi,cheoi2,3,
Kiàn,gin3,3,
Kiú,giu2,3,
khue,ko1,3,
Sian,sin1,3,
giâm,gim4,3,
ò,o3,3,
hua,haa1,3,
án,an2,3,
phuà,paa3,3,
hiân,hin4,3,
lo,lo1,3,
giô,goe4,3,
siau,siu1,3,
kán,gan2,3,
Tsit,zit1,3,
kòo,goo3,3,UNKNOWN_RHYME
thn̂g,tng4,3,
uî,eoi4,3,
pháng,pang2,3,
Un,un1,3,
bi̍t,bi̍t1,3,UNKNOWN_RHYME
bo̍k,bo̍k1,3,UNKNOWN_RHYME
lerê,lere4,3,UNKNOWN_RHYME
teh,det1,3,
iap,ip1,3,
ua̍h,ua̍h1,3,UNKNOWN_RHYME
huán,hun2,2,
am,am1,2,
Bi̍t,bi̍t1,2,UNKNOWN_RHYME
pô,bo4,2,
iàu,iu3,2,
Gio̍k,gio̍k1,2,UNKNOWN_RHYME
thòo,too3,2,UNKNOWN_RHYME
tsuân,zun4,2,
lióng,lung2,2,
khiat,kit1,2,
tìn,din3,2,
Kiat,git1,2,
po̍k,bo̍k1,2,UNKNOWN_RHYME
huân,hun4,2,
téng,dang2,2,
pu̍t,bu̍t1,2,UNKNOWN_RHYME
Pi,bi1,2,
tshiong,cung1,2,
Hù,hu3,2,
iông,ung4,2,
suè,so3,2,
bia̍t,bia̍t1,2,UNKNOWN_RHYME
hé,he2,2,
īng,ing1,2,
kā,gaa1,2,
tsioh,zioh1,2,UNKNOWN_RHYME
kiânn,giann4,2,UNKNOWN_RHYME
thuân,tun4,2,
īnn,inn1,2,UNKNOWN_RHYME
pînn,binn4,2,UNKNOWN_RHYME
khuah,kuah1,2,UNKNOWN_RHYME
iânn,iann4,2,UNKNOWN_RHYME
tuè,do3,2,
thau,taau1,2,
ām,am1,2,
kún,gun2,2,
tshiu,ciu1,2,
Bô,bo4,2,
íng,ing2,2,
Phik,pik1,2,
kī,gi1,2,
kū,gu1,2,
Siông,sung4,2,
Tik,dik1,2,
tshiah,ciah1,2,UNKNOWN_RHYME
tshim,cim1,2,
Ngôo,ngoo4,2,UNKNOWN_RHYME
khui,keoi1,2,
uan,un1,2,
iù,iu3,2,
Hok,hok1,2,
Kóo,goo2,2,UNKNOWN_RHYME
Guá,gaa2,2,
sò,so3,2,
lông,long4,2,
pōng,bong1,2,
mih,mit1,2,
goân,goan4,2,UNKNOWN_RHYME
kuânn,guann4,2,UNKNOWN_RHYME
tê,de4,2,
hè,he3,2,
huānn,huann1,2,UNKNOWN_RHYME
Khue,ko1,2,
tshuh,cut1,2,
sūn,sun1,2,
hū,hu1,2,
bông,bong4,2,
Âng,ang4,2,
kiā,ge1,2,
tshua̍h,cua̍h1,2,UNKNOWN_RHYME
tu,du1,2,
tap,dap1,2,
Siàu,siu3,2,
Môo,moo4,2,UNKNOWN_RHYME
gî,gi4,2,
tsng,zng1,2,
gia̍h,gia̍h1,2,UNKNOWN_RHYME
pê,be4,2,
pit,bit1,2,
gia̍p,gia̍p1,2,UNKNOWN_RHYME
tīng,ding1,2,
î,i4,2,
ian,in1,2,
Bông,bong4,2,
Thóo,too2,2,UNKNOWN_RHYME
phiau,piu1,2,
kiám,gim2,2,
Lê,le4,2,
that,tat1,2,
tsiànn,ziann3,2,UNKNOWN_RHYME
ha̍p,ha̍p1,2,UNKNOWN_RHYME
Tsio̍h,zio̍h1,2,UNKNOWN_RHYME
kan,gan1,2,
é,e2,2,
tuan,dun1,2,
puê,bo4,2,
bū,bu1,2,
Kàu,gaau3,2,
tshái,caai2,2,
tsénn,zenn2,2,UNKNOWN_RHYME
tsîm,zim4,2,
hîm,him4,2,
Sái,saai2,2,
tan,dan1,2,
pik,bik1,2,
kiù,giu3,2,
Tsuí,zeoi2,2,
tsiá,ze2,2,
gāng,gang1,2,
Tshang,cang1,2,
iau,iu1,2,
tùn,dun3,2,
Tshiah,ciah1,2,UNKNOWN_RHYME
tann,dann1,2,UNKNOWN_RHYME
pài,baai3,2,
thai,taai1,2,
ú,u2,2,
tôo,doo4,2,UNKNOWN_RHYME
tek,dak1,2,
Lîng,ling4,2,
tshâ,caa4,2,
Àm,am3,2,
meh,met1,2,
îng,ing4,2,
hâng,hang4,2,
sit,sit1,2,
làu,laau3,2,
ta̍p,da̍p1,2,UNKNOWN_RHYME
suat,sut1,2,
iú,iu2,2,
liōng,lung1,2,
Lōo,loo1,2,UNKNOWN_RHYME
moo,moo1,2,UNKNOWN_RHYME
thǹg,tng3,2,
siám,sim2,2,
kìnn,ginn3,2,UNKNOWN_RHYME
kuí,geoi2,2,
tànn,dann3,2,UNKNOWN_RHYME
Án,an2,2,
ne,ne1,2,
ô,o4,2,
tsia,ze1,2,
enn,enn1,2,UNKNOWN_RHYME
Tshing,cing1,2,
Hìng,hing3,2,
sa,saa1,2,
bōo,boo1,2,UNKNOWN_RHYME
khàu,kaau3,2,
toh,dot1,2,
tsiam,zim1,2,
bī,bi1,2,
tsiòng,zung3,2,
Bîn,bin4,2,
tsa̍h,za̍h1,2,UNKNOWN_RHYME
tshiūnn,ciunn1,2,UNKNOWN_RHYME
tsìn,zin3,2,
La̍k,la̍k1,2,UNKNOWN_RHYME
kiann,giann1,2,UNKNOWN_RHYME
uá,aa2,2,
bā,baa1,2,
tah,daat1,2,
gí,gi2,2,
tsiàn,zin3,2,
lôo,loo4,2,UNKNOWN_RHYME
siànn,siann3,2,UNKNOWN_RHYME
hu̍t,hu̍t1,2,UNKNOWN_RHYME
Tsū,zu1,2,
sàng,sang3,2,
tâu,daau4,2,
phiò,poe3,2,
Hué,ho2,2,
Thô,to4,2,
hueh,hot1,2,
hiat,hit1,2,
too,doo1,2,UNKNOWN_RHYME
tsún,zun2,2,
pi̍k,bi̍k1,2,UNKNOWN_RHYME
thiô,toe4,2,
kai,gaai1,2,
kái,gaai2,2,
tsiok,zuk1,2,
po͘,bo͘1,2,UNKNOWN_RHYME
Saⁿ,san1,2,
lut,lut1,2,
Pin,bin1,2,
kiong,gung1,2,
hí,hi2,2,
tsâi,zaai4,2,
muâ,maa4,2,
biâu,biu4,2,
Phài,paai3,2,
ngá,ngaa2,2,
phín,pin2,2,
hê,he4,2,
ping,bing1,2,
ni,ni1,2,
huih,huih1,2,UNKNOWN_RHYME
siú,siu2,2,
hm̍h,hm̍h1,2,UNKNOWN_RHYME
Biō,boe1,2,
hui,heoi1,2,
pí,bi2,2,
Sè,se3,2,
ūn,un1,2,
Tsiok,zuk1,2,
sô,so4,2,
gán,gan2,2,
hi,hi1,2,
tiàu,diu3,2,
kat,gat1,2,
phue,po1,2,
tâm,dam4,2,
kôo,goo4,2,UNKNOWN_RHYME
suî,seoi4,2,
tsūn,zun1,2,
Ông,ong4,2,
Tshit,cit1,2,
Má,maa2,2,
tsóo,zoo2,2,UNKNOWN_RHYME
chùn,chun3,2,
ooh,ooh1,2,UNKNOWN_RHYME
niû,niu4,2,
tsòng,zong3,2,
Hā,haa1,2,
hù,hu3,2,
Huan,hun1,2,
Gē,ge1,2,
siong,sung1,2,
pat,bat1,2,
tsit,zit1,2,
Bûn,bun4,2,
iáu,iu2,2,
Iâ,e4,2,
soo,soo1,2,UNKNOWN_RHYME
la̍k,la̍k1,2,UNKNOWN_RHYME
khian,kin1,2,
kiau,giu1,2,
bân,ban4,2,
Kū,gu1,2,
kà,gaa3,2,
Tō,do1,2,
seng,sang1,2,
siá,se2,2,
puh,but1,2,
uàn,un3,2,
liap,lip1,2,
tsuánn,zuann2,2,UNKNOWN_RHYME
io̍h,io̍h1,2,UNKNOWN_RHYME
uai,aai1,2,
iām,im1,2,
tshòng,cong3,2,
hiam,him1,2,
Hông,hong4,2,
siânn,siann4,2,UNKNOWN_RHYME
soh,sot1,2,
phú,pu2,2,
thiann,tiann1,2,UNKNOWN_RHYME
mōo,moo1,2,UNKNOWN_RHYME
hāu,haau1,2,
niau,niu1,2,
kē,ge1,2,
ho̍k,ho̍k1,2,UNKNOWN_RHYME
kua,gaa1,2,
tiùnn,diunn3,2,UNKNOWN_RHYME
puīnn,buinn1,2,UNKNOWN_RHYME
hóng,hong2,2,
înn,inn4,2,UNKNOWN_RHYME
puânn,buann4,2,UNKNOWN_RHYME
só,so2,2,
Chiong,chung1,2,
sau,saau1,2,
Thài,taai3,2,
Tshim,cim1,2,
liāu,liu1,2,
háu,haau2,2,
cha̍p,cha̍p1,2,UNKNOWN_RHYME
Kńg,gng2,2,
pho̍k,po̍k1,2,UNKNOWN_RHYME
piau,biu1,2,
Pak,bak1,2,
tiòng,dung3,2,
tsiōng,zung1,2,
sǹg,sng3,2,
Lo̍k,lo̍k1,2,UNKNOWN_RHYME
tsân,zan4,2,
tsok,zok1,2,
thiàu,tiu3,2,
lò,lo3,2,
ta̍t,da̍t1,2,UNKNOWN_RHYME
Tê,de4,2,
lûn,lun4,2,
tsù,zu3,2,
kiú,giu2,2,
lua̍h,lua̍h1,2,UNKNOWN_RHYME
ia̍h,ia̍h1,2,UNKNOWN_RHYME
Lī,li1,2,
thong,tong1,2,
Niau,niu1,2,
khok,kok1,2,
tshn̂g,cng4,2,
kér,ger2,2,UNKNOWN_RHYME
pé,be2,2,
sui,seoi1,2,
thang,tang1,2,
phài,paai3,2,
phoo,poo1,2,UNKNOWN_RHYME
suân,sun4,2,
nà,naa3,2,
siān,sin1,1,
Suann,suann1,1,UNKNOWN_RHYME
puì,beoi3,1,
khiⁿ,kin1,1,
kìng,ging3,1,
kere,gere1,1,UNKNOWN_RHYME
bueh,bot1,1,
pan,ban1,1,
Lî,li4,1,
muī,meoi1,1,
Bóng,bong2,1,
pih,bit1,1,
kiáu,giu2,1,
pè,be3,1,
ûn,un4,1,
Phah,paat1,1,
lá,laa2,1,
tsuānn,zuann1,1,UNKNOWN_RHYME
Chng,chng1,1,
mn̄g,mng1,1,
Sìng,sing3,1,
Sing,sing1,1,
La̍t,la̍t1,1,UNKNOWN_RHYME
tsáinn,zainn2,1,UNKNOWN_RHYME
thàng,tang3,1,
liáu,liu2,1,
phàu,paau3,1,
liâng,loeng4,1,
khiang,koeng1,1,
hâm,ham4,1,
Tshian,cin1,1,
Chhian,chhin1,1,
pīnn,binn1,1,UNKNOWN_RHYME
khu̍t,ku̍t1,1,UNKNOWN_RHYME
tsuāi,zaai1,1,
tsuāinn,zuainn1,1,UNKNOWN_RHYME
tshiâu,ciu4,1,
hīnn,hinn1,1,UNKNOWN_RHYME
Tsìn,zin3,1,
kōo,goo1,1,UNKNOWN_RHYME
Khóng,kong2,1,
thàu,taau3,1,
bî,bi4,1,
tshàng,cang3,1,
Huâ,haa4,1,
Hôa,hoa4,1,UNKNOWN_RHYME
hit,hit1,1,
huàn,hun3,1,
sióng,sung2,1,
ìm,im3,1,
tsiú,ziu2,1,
Tsi̍t,zi̍t1,1,UNKNOWN_RHYME
khuì,keoi3,1,
Thé,te2,1,
io̍k,io̍k1,1,UNKNOWN_RHYME
tshîng,cing4,1,
Gōo,goo1,1,UNKNOWN_RHYME
phiânn,piann4,1,UNKNOWN_RHYME
San,san1,1,
sīn,sin1,1,
û,u4,1,
tshé,ce2,1,
Kiâ,ge4,1,
iâu,iu4,1,
kha̍h,ka̍h1,1,UNKNOWN_RHYME
niáu,niu2,1,
tsán,zan2,1,
khuá,kaa2,1,
piàn,bin3,1,
tsó,zo2,1,
khàng,kang3,1,
khū,ku1,1,
tshi,ci1,1,
pué,bo2,1,
Tsông,zong4,1,
tshah,caat1,1,
Tî,di4,1,
tshàm,cam3,1,
piánn,biann2,1,UNKNOWN_RHYME
Uan,un1,1,
Oan,oan1,1,UNKNOWN_RHYME
tsàn,zan3,1,
tî,di4,1,
liu,liu1,1,
tsīn,zin1,1,
tsheh,cet1,1,
Suī,seoi1,1,
Sūi,seoi1,1,
tòo,doo3,1,UNKNOWN_RHYME
Pōo,boo1,1,UNKNOWN_RHYME
tsih,zit1,1,
uì,eoi3,1,
mê,me4,1,
gâm,gam4,1,
ànn,ann3,1,UNKNOWN_RHYME
tû,du4,1,
Tá,daa2,1,
làm,lam3,1,
gong,gong1,1,
góng,gong2,1,
tsn̂g,zng4,1,
Khoe,koe1,1,
kù,gu3,1,
Tsing,zing1,1,
Ē,e1,1,
lán,lan2,1,
huê,ho4,1,
Tuē,do1,1,
huang,hong1,1,
ân,an4,1,
Sū,su1,1,
lîm,lim4,1,
pà,baa3,1,
ng,ng1,1,UNKNOWN_RHYME
tshòo,coo3,1,UNKNOWN_RHYME
bōng,bong1,1,
thiám,tim2,1,
huī,heoi1,1,
Siù,siu3,1,
thiāu,tiu1,1,
suaⁿ,sun1,1,
mo̍oh,mo̍oh1,1,UNKNOWN_RHYME
Táu,daau2,1,
kenn,genn1,1,UNKNOWN_RHYME
tûn,dun4,1,
ing,ing1,1,
bún,bun2,1,
khî,ki4,1,
khiâ,ke4,1,
n̂g,ng4,1,UNKNOWN_RHYME
Gô,go4,1,
kâng,gang4,1,
thâukeh,taukeh4,1,UNKNOWN_RHYME
kòng,gong3,1,
ha̍h,ha̍h1,1,UNKNOWN_RHYME
so,so1,1,
tshiâng,coeng4,1,
tshínn,cinn2,1,UNKNOWN_RHYME
Hue,ho1,1,
Kau,gaau1,1,
Hāu,haau1,1,
tsueh,zot1,1,
phái,paai2,1,
le̍k,le̍k1,1,UNKNOWN_RHYME
siang,soeng1,1,
ngiau,ngiu1,1,
hoo,hoo1,1,UNKNOWN_RHYME
phiat,pit1,1,
bâi,baai4,1,
bua̍t,bua̍t1,1,UNKNOWN_RHYME
giām,gim1,1,
kó,go2,1,
tuà,daa3,1,
guán,gun2,1,
hàm,ham3,1,
sueh,sot1,1,
Hú,hu2,1,
kông,gong4,1,
Thiann,tiann1,1,UNKNOWN_RHYME
khiunn,kiunn1,1,UNKNOWN_RHYME
Sóo,soo2,1,UNKNOWN_RHYME
jî,ji4,1,
kuà,gaa3,1,
pùn,bun3,1,
Gî,gi4,1,
gō͘,go͘1,1,UNKNOWN_RHYME
chú,chu2,1,
lé,le2,1,
tha̍h,ta̍h1,1,UNKNOWN_RHYME
bán,ban2,1,
Tiám,dim2,1,
ok,ok1,1,
luī,leoi1,1,
siù,siu3,1,
khīng,king1,1,
thi,ti1,1,
Tshuà,caa3,1,
Chhòa,chhoa3,1,UNKNOWN_RHYME
chhù,chhu3,1,
tsím,zim2,1,
thī,ti1,1,
phànn,pann3,1,UNKNOWN_RHYME
Khin,kin1,1,
sang,sang1,1,
Tsò,zo3,1,
lū,lu1,1,
tshi̍h,ci̍h1,1,UNKNOWN_RHYME
lueh,lot1,1,
heng,hang1,1,
Oo,oo1,1,UNKNOWN_RHYME
sio̍k,sio̍k1,1,UNKNOWN_RHYME
thok,tok1,1,
Put,but1,1,
ap,ap1,1,
只會當靠這來趁食過日,只會當靠這來趁食過日1,1,UNKNOWN_RHYME
khàm,kam3,1,
tún,dun2,1,
la̍p,la̍p1,1,UNKNOWN_RHYME
ī,i1,1,
Hô,ho4,1,
Tsîn,zin4,1,
Ing,ing1,1,
Bāng,bang1,1,
thui,teoi1,1,
tsínn,zinn2,1,UNKNOWN_RHYME
liâm,lim4,1,
lâ,laa4,1,
nih,nit1,1,
hiáng,hoeng2,1,
tshang,cang1,1,
ha̍t,ha̍t1,1,UNKNOWN_RHYME
phóo,poo2,1,UNKNOWN_RHYME
Tshut,cut1,1,
ti̍k,di̍k1,1,UNKNOWN_RHYME
kheⁿ,ken1,1,
be̍h,be̍h1,1,UNKNOWN_RHYME
khóo,koo2,1,UNKNOWN_RHYME
guā,gaa1,1,
tshat,cat1,1,
Ping,bing1,1,
iân,in4,1,
khótsīn,kotsin2,1,UNKNOWN_RHYME
phō,po1,1,
tsha̍t,ca̍t1,1,UNKNOWN_RHYME
tsiann,ziann1,1,UNKNOWN_RHYME
hioh,hioh1,1,UNKNOWN_RHYME
Si̍k,si̍k1,1,UNKNOWN_RHYME
phing,ping1,1,
ǹg,ng3,1,UNKNOWN_RHYME
tsōng,zong1,1,
pháu,paau2,1,
Thih,tit1,1,
ô͘,o͘4,1,UNKNOWN_RHYME
piànn,biann3,1,UNKNOWN_RHYME
than,tan1,1,
Tsha̍k,ca̍k1,1,UNKNOWN_RHYME
kê,ge4,1,
Thng,tng1,1,
poh,bot1,1,
Pó,bo2,1,
Pōng,bong1,1,
hi̍k,hi̍k1,1,UNKNOWN_RHYME
Hua,haa1,1,
Chheng,chhang1,1,
Ba̍k,ba̍k1,1,UNKNOWN_RHYME
thêng,tang4,1,
ik,ik1,1,
tân,dan4,1,
Bōo,boo1,1,UNKNOWN_RHYME
ōo,oo1,1,UNKNOWN_RHYME
phùn,pun3,1,
nuā,naa1,1,
muá,maa2,1,
ti̍t,di̍t1,1,UNKNOWN_RHYME
iá,e2,1,
khau,kaau1,1,
Tân,dan4,1,
Lia̍h,lia̍h1,1,UNKNOWN_RHYME
mt,mt1,1,UNKNOWN_RHYME
pâng,bang4,1,
tia̍p,dia̍p1,1,UNKNOWN_RHYME
siû,siu4,1,
hér,her2,1,UNKNOWN_RHYME
ttuā,dtua1,1,UNKNOWN_RHYME
tîm,dim4,1,
tsúi,zeoi2,1,
lām,lam1,1,
pòo,boo3,1,UNKNOWN_RHYME
ha,haa1,1,
Tu̍t,du̍t1,1,UNKNOWN_RHYME
bián,bin2,1,
biō,boe1,1,
Soh,sot1,1,
Hong,hong1,1,
oán,oan2,1,UNKNOWN_RHYME
tuì,deoi3,1,
tùi,deoi3,1,
Ke,ge1,1,
kiò,goe3,1,
Poo,boo1,1,UNKNOWN_RHYME
Po͘,bo͘1,1,UNKNOWN_RHYME
chām,cham1,1,
jiú,jiu2,1,
līn,lin1,1,
kap,gap1,1,
nóo,noo2,1,UNKNOWN_RHYME
siâ,se4,1,
thun,tun1,1,
Soo,soo1,1,UNKNOWN_RHYME
Siong,sung1,1,
Ut,ut1,1,
kńg,gng2,1,
huâinn,huainn4,1,UNKNOWN_RHYME
tshiat,cit1,1,
puî,beoi4,1,
Tíng,ding2,1,
Téng,dang2,1,
sioh,sioh1,1,UNKNOWN_RHYME
Tsiah,ziah1,1,UNKNOWN_RHYME
pìnn,binn3,1,UNKNOWN_RHYME
tsoh,zot1,1,
chhut,chhut1,1,
só͘,so͘2,1,UNKNOWN_RHYME
Tsiu,ziu1,1,
Pek,bak1,1,
Au,aau1,1,
luā,laa1,1,
me̍h,me̍h1,1,UNKNOWN_RHYME
siân,sin4,1,
ham,ham1,1,
Huê,ho4,1,
Hê,he4,1,
tshiâ,ce4,1,
lui,leoi1,1,
Tông,dong4,1,
chêng,chang4,1,
puē,bo1,1,
suān,sun1,1,
suan,sun1,1,
phāng,pang1,1,
huî,heoi4,1,
tsô,zo4,1,
Pí,bi2,1,
Chiok,chuk1,1,
Bí,bi2,1,
khîm,kim4,1,
o,o1,1,
Tsiang,zoeng1,1,
Tsiong,zung1,1,
thē,te1,1,
óng,ong2,1,
Hái,haai2,1,
êng,ang4,1,
buán,bun2,1,
thuah,tuah1,1,UNKNOWN_RHYME
tū,du1,1,
Lé,le2,1,
Thôo,too4,1,UNKNOWN_RHYME
thô,to4,1,
Sìn,sin3,1,
gī,gi1,1,
khe̍h,ke̍h1,1,UNKNOWN_RHYME
sìnn,sinn3,1,UNKNOWN_RHYME
tsê,ze4,1,
tshio,coe1,1,
jí,ji2,1,
tsui,zeoi1,1,
the̍h,te̍h1,1,UNKNOWN_RHYME
kiunn,giunn1,1,UNKNOWN_RHYME
Suî,seoi4,1,
Lû,lu4,1,
Jû,ju4,1,
pū,bu1,1,
Lîm,lim4,1,
Tsèng,zang3,1,
Io̍k,io̍k1,1,UNKNOWN_RHYME
tîng,ding4,1,
jû,ju4,1,
lû,lu4,1,
Tē,de1,1,
Lú,lu2,1,
Tsóng,zong2,1,
ông,ong4,1,
tsuan,zun1,1,
hiau,hiu1,1,
hīng,hing1,1,
tshuā,caa1,1,
kue̍h,gue̍h1,1,UNKNOWN_RHYME
khiû,kiu4,1,
pueh,bot1,1,
hip,hip1,1,
siòng,sung3,1,
kó͘,go͘2,1,UNKNOWN_RHYME
Bū,bu1,1,
khai,kaai1,1,
Pa,baa1,1,
khan,kan1,1,
Tek,dak1,1,
tn̄g,dng1,1,
jiok,juk1,1,
Too,doo1,1,UNKNOWN_RHYME
jīm,jim1,1,
līm,lim1,1,
àng,ang3,1,
Hit,hit1,1,
Bué,bo2,1,
pinn,binn1,1,UNKNOWN_RHYME
The̍h,te̍h1,1,UNKNOWN_RHYME
lia̍h,lia̍h1,1,UNKNOWN_RHYME
luh,lut1,1,
uán,un2,1,
Înn,inn4,1,UNKNOWN_RHYME
Îⁿ,in4,1,
khoân,koan4,1,UNKNOWN_RHYME
tin,din1,1,
Kuè,go3,1,
tsùn,zun3,1,
kòe,goe3,1,
hòng,hong3,1,
Káng,gang2,1,
tsuat,zut1,1,
phue̍h,pue̍h1,1,UNKNOWN_RHYME
ling,ling1,1,
pîng,bing4,1,
tsham,cam1,1,
ai,aai1,1,
Hâi,haai4,1,
kik,gik1,1,
giú,giu2,1,
你提轉去了後就一項一項共伊讀出來,你提轉去了後就一項一項共伊讀出來1,1,UNKNOWN_RHYME
tōa,doa1,1,UNKNOWN_RHYME
khoe,koe1,1,
kiam,gim1,1,
Sūn,sun1,1,
Tsháu,caau2,1,
Chháu,chhaau2,1,
Si̍p,si̍p1,1,UNKNOWN_RHYME
Uân,un4,1,
Siau,siu1,1,
nn̂g,nng4,1,
chhiū,chhiu1,1,
gú,gu2,1,
tshá,caa2,1,
uann,uann1,1,UNKNOWN_RHYME
tshùn,cun3,1,
su̍t,su̍t1,1,UNKNOWN_RHYME
tìm,dim3,1,
sûinn,suinn4,1,UNKNOWN_RHYME
pûn,bun4,1,
kāng,gang1,1,
áu,aau2,1,
uang,ong1,1,
Se,se1,1,
tán,dan2,1,
sua,saa1,1,
thé,te2,1,
thóng,tong2,1,
Heng,hang1,1,
tūn,dun1,1,
Khàm,kam3,1,
pì,bi3,1,
lang,lang1,1,
Sī,si1,1,
chiu,chiu1,1,
tìnn,dinn3,1,UNKNOWN_RHYME
lōng,long1,1,
tsióng,zung2,1,
Ta,daa1,1,
Hun,hun1,1,
Khong,kong1,1,
un,un1,1,
nńg,nng2,1,
tshng,cng1,1,
hàu,haau3,1,
kuân,gun4,1,
thuīnn,tuinn1,1,UNKNOWN_RHYME
Siōng,sung1,1,
khiâm,kim4,1,
gē,ge1,1,
oân,oan4,1,UNKNOWN_RHYME
Káu,gaau2,1,
tsàu,zaau3,1,
thûn,tun4,1,
tshiunn,ciunn1,1,UNKNOWN_RHYME
tu̍h,du̍h1,1,UNKNOWN_RHYME
lián,lin2,1,
pian,bin1,1,
khián,kin2,1,
tîn,din4,1,
phak,pak1,1,
chng,chng1,1,
Hiang,hoeng1,1,
Gû,gu4,1,
hāng,hang1,1,
tsiù,ziu3,1,
tsuā,zaa1,1,
tshiau,ciu1,1,
Kâu,gaau4,1,
Phek,pak1,1,
Hó͘,ho͘2,1,UNKNOWN_RHYME
kuānn,guann1,1,UNKNOWN_RHYME
tshan,can1,1,
kiap,gip1,1,
līng,ling1,1,
tsái,zaai2,1,
lôe,loe4,1,
tshè,ce3,1,
phuê,po4,1,
tshuè,co3,1,
phê,pe4,1,
lún,lun2,1,
khiu,kiu1,1,
tshìng,cing3,1,
tshuē,co1,1,
phian,pin1,1,
iu,iu1,1,
ut,ut1,1,
kàng,gang3,1,
phué,po2,1,
e̍h,e̍h1,1,UNKNOWN_RHYME
tóo,doo2,1,UNKNOWN_RHYME
Sua,saa1,1,
Soa,soa1,1,UNKNOWN_RHYME
Bē,be1,1,
hiáu,hiu2,1,
se̍h,se̍h1,1,UNKNOWN_RHYME
hua̍t,hua̍t1,1,UNKNOWN_RHYME
phuì,peoi3,1,
àn,an3,1,
tiâu,diu4,1,
uí,eoi2,1,
hia̍p,hia̍p1,1,UNKNOWN_RHYME
Ji̍t,ji̍t1,1,UNKNOWN_RHYME
Tui,deoi1,1,
Gi,gi1,1,
tiōng,dung1,1,
thah,taat1,1,
pâi,baai4,1,
tsuânn,zuann4,1,UNKNOWN_RHYME
lā,laa1,1,
pái,baai2,1,
Be̍h,be̍h1,1,UNKNOWN_RHYME
Khut,kut1,1,
jit,jit1,1,
sènn,senn3,1,UNKNOWN_RHYME
sannh,sannh1,1,UNKNOWN_RHYME
Kah,gaat1,1,
thng,tng1,1,
hoà,hoa3,1,UNKNOWN_RHYME
Tsia,ze1,1,
ak,ak1,1,
Nāi,naai1,1,
thiau,tiu1,1,
lāng,lang1,1,
siunn,siunn1,1,UNKNOWN_RHYME
suàn,sun3,1,
tuínn,duinn2,1,UNKNOWN_RHYME
Khá,kaa2,1,
phik,pik1,1,
khiām,kim1,1,
kuān,gun1,1,
bôo,boo4,1,UNKNOWN_RHYME
hònn,honn3,1,UNKNOWN_RHYME
tiùnng,diunng3,1,UNKNOWN_RHYME
hàn,han3,1,
tsīng,zing1,1,
lù,lu3,1,
hôo,hoo4,1,UNKNOWN_RHYME
Chai,chaai1,1,
Tōo,doo1,1,UNKNOWN_RHYME
tshuan,cun1,1,
nňg,nňg1,1,UNKNOWN_RHYME
nuī,neoi1,1,
mé,me2,1,
tuê,do4,1,
kueh,got1,1,
huînn,huinn4,1,UNKNOWN_RHYME
jūn,jun1,1,
tshuê,co4,1,
ta̍k,da̍k1,1,UNKNOWN_RHYME
huann,huann1,1,UNKNOWN_RHYME
kuī,geoi1,1,
tháu,taau2,1,
Khe,ke1,1,
âu,aau4,1,
Lêng,lang4,1,
tsiong,zung1,1,
kha̍p,ka̍p1,1,UNKNOWN_RHYME
lòng,long3,1,
tshap,cap1,1,
hua̍h,hua̍h1,1,UNKNOWN_RHYME
suà,saa3,1,
pio,boe1,1,
bue̍h,bue̍h1,1,UNKNOWN_RHYME
piān,bin1,1,
kiông,gung4,1,
Hâng,hang4,1,
tsiáng,zoeng2,1,
gi,gi1,1,
tshioh,cioh1,1,UNKNOWN_RHYME
huì,heoi3,1,
sûn,sun4,1,
Muî,meoi4,1,
Kho,ko1,1,
Tshì,ci3,1,
Tsia̍h,zia̍h1,1,UNKNOWN_RHYME
li̍h,li̍h1,1,UNKNOWN_RHYME
sàn,san3,1,
tsuâ,zaa4,1,
Thâm,tam4,1,
sńg,sng2,1,
khi,ki1,1,
pa,baa1,1,
tsè,ze3,1,
tshiánn,ciann2,1,UNKNOWN_RHYME
Khuân,kun4,1,
thoh,tot1,1,
thuh,tut1,1,
Iû,iu4,1,
tshiúnn,ciunn2,1,UNKNOWN_RHYME
tsho,co1,1,
hàng,hang3,1,
Tsiúnn,ziunn2,1,UNKNOWN_RHYME
Keng,gang1,1,
Huâi,haai4,1,
Hoâi,hoai4,1,UNKNOWN_RHYME
M̄,m1,1,UNKNOWN_RHYME
ám,am2,1,
tsah,zaat1,1,
khuài,kaai3,1,
Tsòng,zong3,1,
hia,he1,1,
tsō,zo1,1,
Ha̍k,ha̍k1,1,UNKNOWN_RHYME
tiân,din4,1,
Hoan,hoan1,1,UNKNOWN_RHYME
tînn,dinn4,1,UNKNOWN_RHYME
tsóng,zong2,1,
īn,in1,1,
Khái,kaai2,1,
hián,hin2,1,
khê,ke4,1,
Sik,sik1,1,
kia,ge1,1,
Iâm,im4,1,
thann,tann1,1,UNKNOWN_RHYME
kàinn,gainn3,1,UNKNOWN_RHYME
jiû,jiu4,1,
tài,daai3,1,
sêng,sang4,1,
hn̄g,hng1,1,
thut,tut1,1,
Thìng,ting3,1,
kuánn,guann2,1,UNKNOWN_RHYME
Sim,sim1,1,
tsi̍k,zi̍k1,1,UNKNOWN_RHYME
Lia̍t,lia̍t1,1,UNKNOWN_RHYME
hiànn,hiann3,1,UNKNOWN_RHYME
tiū,diu1,1,
kuàn,gun3,1,
ián,in2,1,
pua̍t,bua̍t1,1,UNKNOWN_RHYME
Gún,gun2,1,
jiàu,jiu3,1,
liàu,liu3,1,
nā,naa1,1,
tù,du3,1,
tsiâu,ziu4,1,
khuìnn,kuinn3,1,UNKNOWN_RHYME
khuàinn,kuainn3,1,UNKNOWN_RHYME
hian,hin1,1,
tshiànn,ciann3,1,UNKNOWN_RHYME
sinn,sinn1,1,UNKNOWN_RHYME
thîn,tin4,1,
nah,naat1,1,
sinnh,sinnh1,1,UNKNOWN_RHYME
